{
    "avg_prec": 0.5220192131806379,
    "roc_auc": 0.9575865895559017
}